h,t,t,p,s,:,/,/,w,w,w,.,i,n,d,e,e,d,.,c,o,m,/,r,c,/,c,l,k,?,j,k,=,e,4,f,8,d,9,e,9,c,b,c,8,1,2,7,b,&,b,b,=,d,7,j,p,v,9,W,Y,y,2,7,r,O,9,Y,X,7,R,S,3,y,c,-,M,y,Z,x,r,O,F,f,5,l,J,p,n,r,x,T,G,N,t,z,p,f,V,o,7,S,Q,I,O,H,t,A,6,j,1,M,g,F,7,B,f,j,f,d,s,4,f,t,n,6,3,X,g,N,F,F,S,B,i,u,v,C,Q,7,A,r,M,6,W,6,R,b,H,H,8,D,F,D,n,u,1,9,x,w,i,N,0,y,w,v,1,q,C,a,U,t,Y,A,P,w,J,d,7,P,r,&,x,k,c,b,=,S,o,B,X,6,7,M,3,6,n,f,3,G,e,y,W,l,B,0,C,b,z,k,d,C,d,P,P,&,f,c,c,i,d,=,0,9,c,5,8,c,8,8,6,2,d,0,a,4,9,e,&,v,j,s,=,3
h,t,t,p,s,:,/,/,w,w,w,.,i,n,d,e,e,d,.,c,o,m,/,r,c,/,c,l,k,?,j,k,=,8,8,8,1,6,f,4,7,1,d,9,c,9,d,a,2,&,b,b,=,d,7,j,p,v,9,W,Y,y,2,7,r,O,9,Y,X,7,R,S,3,y,d,y,c,u,N,Z,f,n,7,o,C,I,E,a,5,7,t,k,-,r,K,H,-,p,a,y,3,J,R,s,2,D,9,u,b,y,r,b,7,Y,I,O,u,u,7,U,J,S,G,W,M,q,g,r,m,E,K,L,s,N,S,Z,_,1,L,3,r,8,T,i,o,N,T,i,q,p,w,-,k,a,N,3,Z,P,9,F,W,4,7,-,y,7,Y,y,t,m,E,L,I,6,2,F,m,5,6,j,2,&,x,k,c,b,=,S,o,D,Z,6,7,M,3,6,n,f,3,G,e,y,W,l,B,0,F,b,z,k,d,C,d,P,P,&,f,c,c,i,d,=,0,9,c,5,8,c,8,8,6,2,d,0,a,4,9,e,&,v,j,s,=,3
h,t,t,p,s,:,/,/,w,w,w,.,i,n,d,e,e,d,.,c,o,m,/,r,c,/,c,l,k,?,j,k,=,3,7,4,4,f,f,9,7,d,e,6,5,d,d,0,d,&,b,b,=,a,r,q,p,z,T,j,E,D,i,Q,n,a,p,4,G,W,g,D,i,i,c,V,a,Y,x,E,n,a,z,_,6,l,D,J,l,L,l,P,e,0,a,6,Q,-,1,w,6,p,m,W,c,R,P,K,_,2,A,U,6,w,4,G,C,e,M,y,S,r,P,_,p,d,i,L,a,L,f,Q,i,n,U,h,e,t,i,G,j,g,B,j,2,o,-,J,6,F,L,p,i,t,A,Z,o,c,q,l,-,X,R,3,x,I,f,T,o,R,c,A,z,F,F,Y,y,p,B,6,J,&,x,k,c,b,=,S,o,D,u,6,7,M,3,6,v,s,V,6,S,2,T,X,Z,0,M,b,z,k,d,C,d,P,P,&,f,c,c,i,d,=,b,5,3,3,a,b,2,9,2,7,d,3,0,d,b,7,&,v,j,s,=,3
h,t,t,p,s,:,/,/,w,w,w,.,i,n,d,e,e,d,.,c,o,m,/,r,c,/,c,l,k,?,j,k,=,e,e,3,4,0,0,5,1,2,1,7,2,b,f,3,1,&,b,b,=,a,r,q,p,z,T,j,E,D,i,Q,n,a,p,4,G,W,g,D,i,i,Q,n,0,n,z,9,s,B,C,0,e,P,z,o,i,L,I,k,I,9,y,-,b,V,J,G,a,K,o,W,u,t,P,Z,a,8,N,t,F,B,J,n,d,L,t,-,o,A,1,V,K,D,G,l,s,w,r,C,R,S,V,5,C,Y,Q,2,r,C,1,s,w,G,X,7,L,1,A,K,_,P,H,v,Q,m,e,0,s,H,O,C,b,Y,x,P,n,g,T,E,0,G,V,O,k,z,w,s,W,&,x,k,c,b,=,S,o,C,z,6,7,M,3,6,v,s,V,6,S,2,T,X,Z,0,C,b,z,k,d,C,d,P,P,&,f,c,c,i,d,=,b,5,3,3,a,b,2,9,2,7,d,3,0,d,b,7,&,v,j,s,=,3
h,t,t,p,s,:,/,/,w,w,w,.,i,n,d,e,e,d,.,c,o,m,/,p,a,g,e,a,d,/,c,l,k,?,m,o,=,r,&,a,d,=,-,6,N,Y,l,b,f,k,N,0,C,n,M,4,T,E,R,r,6,X,u,V,B,W,3,V,T,R,A,C,v,D,X,D,x,9,S,3,P,b,n,6,a,0,S,w,h,k,m,o,L,T,i,K,L,J,X,f,h,H,4,m,a,j,T,3,4,2,s,g,1,h,t,k,V,L,y,B,-,W,N,C,e,I,u,2,6,K,9,E,z,m,V,A,J,o,l,t,J,q,3,Y,A,H,g,n,E,i,I,A,O,Q,6,E,N,t,5,9,6,c,A,y,2,m,T,F,m,c,G,h,G,_,6,A,-,4,r,S,u,2,J,W,D,4,D,L,o,s,4,q,1,T,L,l,z,U,0,j,M,3,s,k,s,P,_,j,6,e,H,F,4,h,b,V,l,2,5,n,l,L,s,U,M,a,a,4,d,E,o,l,9,S,k,Q,Z,s,6,4,u,I,M,1,P,C,f,Q,U,N,I,P,M,r,1,f,s,j,3,X,m,O,5,J,p,Q,3,A,U,I,R,g,_,l,z,_,T,p,b,o,C,r,S,9,c,9,6,x,0,Y,l,D,T,B,N,r,d,A,z,a,n,h,m,w,G,6,V,k,E,4,0,E,a,D,c,u,1,1,8,3,E,A,V,7,E,x,6,R,v,b,h,v,T,N,x,d,K,v,F,Z,8,o,x,p,4,j,8,d,u,5,n,4,k,1,x,b,b,x,d,x,j,D,l,q,L,Z,P,P,W,s,-,b,F,J,4,I,_,N,7,x,x,x,c,V,P,y,V,L,m,9,H,C,V,F,g,q,6,4,b,5,I,c,a,0,_,M,7,T,M,Y,g,B,m,T,M,S,Q,k,f,0,3,Q,7,H,2,N,N,X,X,6,J,I,H,3,j,6,6,W,P,c,Q,Z,r,7,h,T,o,v,e,k,w,J,I,U,t,N,K,m,7,K,m,o,I,L,v,e,A,P,r,y,N,9,m,r,M,H,c,S,q,9,F,F,H,5,3,V,L,o,k,t,l,0,O,r,d,u,E,J,1,C,v,B,d,x,7,a,o,t,U,T,y,_,4,y,G,h,W,T,p,P,e,I,t,_,P,Z,G,0,z,R,5,t,C,3,a,W,I,t,X,m,S,p,_,S,F,A,J,2,O,c,-,e,a,4,T,W,j,n,7,U,5,_,N,S,d,g,j,D,2,I,h,2,x,e,l,q,Y,M,u,B,z,d,x,W,S,6,N,7,G,b,Y,2,H,z,h,2,i,4,K,p,2,3,U,x,-,z,8,K,d,H,k,g,e,2,f,y,Z,h,f,E,2,_,_,i,4,j,L,k,r,S,p,T,h,h,D,E,E,U,2,z,X,W,m,i,2,W,j,z,T,Y,z,3,5,w,l,3,s,M,L,F,d,t,2,R,x,m,k,A,H,2,4,O,h,G,R,u,K,4,B,0,G,q,i,r,C,H,C,N,o,l,d,q,i,h,E,e,x,H,S,I,P,C,5,f,u,E,2,f,W,F,G,z,L,1,C,A,v,X,9,v,i,c,I,v,U,j,p,A,G,v,m,E,-,N,Y,4,_,_,o,9,I,9,4,b,e,k,6,I,z,n,Y,f,r,k,F,l,n,a,N,V,U,Y,Z,W,1,b,i,e,u,Z,z,7,d,-,8,g,T,t,z,e,D,G,W,K,L,O,E,N,P,d,W,O,E,C,r,Q,F,b,a,E,r,p,k,q,P,n,I,2,C,Z,u,V,q,u,U,r,i,v,7,a,z,f,F,U,Y,z,y,H,3,W,z,M,X,Q,w,e,f,p,E,f,Y,J,b,h,Z,N,g,X,7,O,f,n,W,8,I,Q,G,x,l,W,y,O,N,f,B,w,K,s,9,G,e,l,6,k,b,M,D,G,m,2,y,x,g,y,h,t,P,f,I,r,T,P,Y,P,k,1,0,b,f,G,0,L,F,z,Q,i,A,_,u,M,n,N,r,1,W,C,g,s,I,q,q,Y,c,L,I,K,2,6,o,B,-,q,7,J,E,y,w,T,i,f,f,V,E,m,O,5,8,8,_,W,q,B,i,B,k,5,I,v,T,A,=,=,&,x,k,c,b,=,S,o,A,i,6,_,M,3,5,g,p,y,G,0,S,C,x,J,0,L,b,z,k,d,C,d,P,P,&,c,a,m,k,=,n,U,m,J,q,O,2,E,8,r,j,0,4,_,z,Q,l,V,A,F,4,g,=,=,&,p,=,0,&,f,v,j,=,0,&,v,j,s,=,3
h,t,t,p,s,:,/,/,w,w,w,.,i,n,d,e,e,d,.,c,o,m,/,p,a,g,e,a,d,/,c,l,k,?,m,o,=,r,&,a,d,=,-,6,N,Y,l,b,f,k,N,0,C,n,M,4,T,E,R,r,6,X,u,V,B,W,3,V,T,R,A,C,v,D,X,D,x,9,S,3,P,b,n,6,a,0,S,w,h,k,m,o,L,T,i,K,L,J,X,f,h,H,4,m,a,j,T,3,4,2,s,g,1,h,t,k,V,L,y,B,-,W,N,C,e,I,u,2,6,K,9,E,z,m,V,A,J,o,l,t,J,q,3,Y,A,H,g,n,E,i,I,A,O,Q,6,E,N,t,5,9,6,c,A,y,2,m,T,F,m,c,G,h,G,_,6,A,-,4,r,S,u,2,J,W,D,4,D,L,o,s,4,q,1,T,L,l,z,U,0,j,M,3,s,k,s,P,_,j,6,e,H,F,4,h,b,V,l,2,5,n,l,L,s,U,M,a,a,4,d,E,o,l,9,S,k,Q,Z,s,6,4,u,I,M,1,P,C,f,Q,U,N,I,P,M,r,1,f,s,j,3,X,m,O,5,J,p,Q,3,A,U,I,R,g,_,l,z,_,T,p,b,o,C,r,S,9,c,9,6,x,0,Y,l,D,T,B,N,r,d,A,z,a,n,h,m,w,G,6,V,k,E,4,0,E,a,D,c,u,1,1,8,3,E,A,V,7,E,x,6,R,v,b,h,v,T,N,x,d,K,v,F,Z,8,o,x,p,4,j,8,d,u,5,n,4,k,1,x,b,b,x,d,x,j,D,l,q,L,Z,P,P,W,s,-,b,F,J,4,I,_,N,7,x,x,x,c,V,P,y,V,L,m,9,H,C,V,F,g,q,6,4,b,5,I,c,a,0,_,M,7,T,M,Y,g,B,m,T,M,S,Q,k,f,0,3,Q,7,H,2,N,N,X,X,6,J,I,H,3,j,6,6,W,P,c,Q,Z,r,7,h,T,o,v,e,k,w,J,I,U,t,N,K,m,7,K,m,o,I,L,v,e,A,P,r,y,N,9,m,r,M,H,c,S,q,9,F,F,H,5,3,V,L,o,k,t,l,0,O,r,d,u,E,J,1,C,v,B,d,x,7,a,o,t,U,T,y,_,4,y,G,h,W,T,p,P,e,I,t,_,P,Z,G,0,z,R,5,t,C,3,a,W,I,t,X,m,S,p,_,S,F,A,J,2,O,c,-,e,a,4,T,W,j,n,7,U,5,_,N,S,d,g,j,D,2,I,h,2,x,e,l,q,Y,M,u,B,z,d,x,W,S,6,N,7,G,b,Y,2,H,z,h,2,i,4,K,p,2,3,U,x,-,z,8,K,d,H,k,g,e,2,f,y,Z,h,f,E,2,_,_,i,4,j,L,k,r,S,p,T,h,h,D,E,E,U,2,z,X,W,m,i,2,W,j,z,T,Y,z,3,5,w,l,3,s,M,L,F,d,t,2,R,x,m,k,A,H,2,4,O,h,G,R,u,K,4,B,0,G,q,i,r,C,H,C,N,o,l,d,q,i,h,E,e,x,H,S,I,P,C,5,f,u,E,2,f,W,F,G,z,L,1,C,A,v,X,9,v,i,c,I,v,U,j,p,A,G,v,m,E,-,N,Y,4,_,_,o,9,I,9,4,b,e,k,6,I,z,n,Y,f,r,k,F,l,n,a,N,V,U,Y,Z,W,1,b,i,e,u,Z,z,7,d,-,8,g,T,t,z,e,D,G,W,K,L,O,E,N,P,d,W,O,E,C,r,Q,F,b,a,E,r,p,k,q,P,n,I,2,C,Z,u,V,q,u,U,r,i,v,7,a,z,f,F,U,Y,z,y,H,3,W,z,M,X,Q,w,e,f,p,E,f,Y,J,b,h,Z,N,g,X,7,O,f,n,W,8,I,Q,G,x,l,W,y,O,N,f,B,w,K,s,9,G,e,l,6,k,b,M,D,G,m,2,y,x,g,y,h,t,P,f,I,r,T,P,Y,P,k,1,0,b,f,G,0,L,F,z,Q,i,A,_,u,M,n,N,r,1,W,C,g,s,I,q,q,Y,c,L,I,K,2,6,o,B,-,q,7,J,E,y,w,T,i,f,f,V,E,m,O,5,8,8,_,W,q,B,i,B,k,5,I,v,T,A,=,=,&,x,k,c,b,=,S,o,A,i,6,_,M,3,5,g,p,y,G,0,S,C,x,J,0,L,b,z,k,d,C,d,P,P,&,c,a,m,k,=,n,U,m,J,q,O,2,E,8,r,j,0,4,_,z,Q,l,V,A,F,4,g,=,=,&,p,=,0,&,f,v,j,=,0,&,v,j,s,=,3
h,t,t,p,s,:,/,/,w,w,w,.,i,n,d,e,e,d,.,c,o,m,/,p,a,g,e,a,d,/,c,l,k,?,m,o,=,r,&,a,d,=,-,6,N,Y,l,b,f,k,N,0,C,n,M,4,T,E,R,r,6,X,u,V,B,W,3,V,T,R,A,C,v,D,X,D,x,9,S,3,P,b,n,6,a,0,S,w,h,k,m,o,L,T,i,K,L,J,X,f,h,H,4,m,a,j,T,3,4,2,s,g,1,h,t,k,V,L,y,B,-,W,N,C,e,I,u,2,6,K,9,E,z,m,V,A,J,o,l,t,J,q,3,Y,A,H,g,n,E,i,I,A,O,Q,6,E,N,t,5,9,6,c,A,y,2,m,T,F,m,c,G,h,G,_,6,A,-,4,r,S,u,2,J,W,D,4,D,L,o,s,4,q,1,T,L,l,z,U,0,j,M,3,s,k,s,P,_,j,6,e,H,F,4,h,b,V,l,2,5,n,l,L,s,U,M,a,a,4,d,E,o,l,9,S,k,Q,Z,s,6,4,u,I,M,1,P,C,f,Q,U,N,I,P,M,r,1,f,s,j,3,X,m,O,5,J,p,Q,3,A,U,I,R,g,_,l,z,_,T,p,b,o,C,r,S,9,c,9,6,x,0,Y,l,D,T,B,N,r,d,A,z,a,n,h,m,w,G,6,V,k,E,4,0,E,a,D,c,u,1,1,8,3,E,A,V,7,E,x,6,R,v,b,h,v,T,N,x,d,K,v,F,Z,8,o,x,p,4,j,8,d,u,5,n,4,k,1,x,b,b,x,d,x,j,D,l,q,L,Z,P,P,W,s,-,b,F,J,4,I,_,N,7,x,x,x,c,V,P,y,V,L,m,9,H,C,V,F,g,q,6,4,b,5,I,c,a,0,_,M,7,T,M,Y,g,B,m,T,M,S,Q,k,f,0,3,Q,7,H,2,N,N,X,X,6,J,I,H,3,j,6,6,W,P,c,Q,Z,r,7,h,T,o,v,e,k,w,J,I,U,t,N,K,m,7,K,m,o,I,L,v,e,A,P,r,y,N,9,m,r,M,H,c,S,q,9,F,F,H,5,3,V,L,o,k,t,l,0,O,r,d,u,E,J,1,C,v,B,d,x,7,a,o,t,U,T,y,_,4,y,G,h,W,T,p,P,e,I,t,_,P,Z,G,0,z,R,5,t,C,3,a,W,I,t,X,m,S,p,_,S,F,A,J,2,O,c,-,e,a,4,T,W,j,n,7,U,5,_,N,S,d,g,j,D,2,I,h,2,x,e,l,q,Y,M,u,B,z,d,x,W,S,6,N,7,G,b,Y,2,H,z,h,2,i,4,K,p,2,3,U,x,-,z,8,K,d,H,k,g,e,2,f,y,Z,h,f,E,2,_,_,i,4,j,L,k,r,S,p,T,h,h,D,E,E,U,2,z,X,W,m,i,2,W,j,z,T,Y,z,3,5,w,l,3,s,M,L,F,d,t,2,R,x,m,k,A,H,2,4,O,h,G,R,u,K,4,B,0,G,q,i,r,C,H,C,N,o,l,d,q,i,h,E,e,x,H,S,I,P,C,5,f,u,E,2,f,W,F,G,z,L,1,C,A,v,X,9,v,i,c,I,v,U,j,p,A,G,v,m,E,-,N,Y,4,_,_,o,9,I,9,4,b,e,k,6,I,z,n,Y,f,r,k,F,l,n,a,N,V,U,Y,Z,W,1,b,i,e,u,Z,z,7,d,-,8,g,T,t,z,e,D,G,W,K,L,O,E,N,P,d,W,O,E,C,r,Q,F,b,a,E,r,p,k,q,P,n,I,2,C,Z,u,V,q,u,U,r,i,v,7,a,z,f,F,U,Y,z,y,H,3,W,z,M,X,Q,w,e,f,p,E,f,Y,J,b,h,Z,N,g,X,7,O,f,n,W,8,I,Q,G,x,l,W,y,O,N,f,B,w,K,s,9,G,e,l,6,k,b,M,D,G,m,2,y,x,g,y,h,t,P,f,I,r,T,P,Y,P,k,1,0,b,f,G,0,L,F,z,Q,i,A,_,u,M,n,N,r,1,W,C,g,s,I,q,q,Y,c,L,I,K,2,6,o,B,-,q,7,J,E,y,w,T,i,f,f,V,E,m,O,5,8,8,_,W,q,B,i,B,k,5,I,v,T,A,=,=,&,x,k,c,b,=,S,o,A,i,6,_,M,3,5,g,p,y,G,0,S,C,x,J,0,L,b,z,k,d,C,d,P,P,&,c,a,m,k,=,n,U,m,J,q,O,2,E,8,r,j,0,4,_,z,Q,l,V,A,F,4,g,=,=,&,p,=,0,&,f,v,j,=,0,&,v,j,s,=,3
h,t,t,p,s,:,/,/,w,w,w,.,i,n,d,e,e,d,.,c,o,m,/,p,a,g,e,a,d,/,c,l,k,?,m,o,=,r,&,a,d,=,-,6,N,Y,l,b,f,k,N,0,C,n,M,4,T,E,R,r,6,X,u,V,B,W,3,V,T,R,A,C,v,D,X,D,x,9,S,3,P,b,n,6,a,0,S,w,h,k,m,o,L,T,i,K,L,J,X,f,h,H,4,m,a,j,T,3,4,2,s,g,1,h,t,k,V,L,y,B,-,W,N,C,e,I,u,2,6,K,9,E,z,m,V,A,J,o,l,t,J,q,3,Y,A,H,g,n,E,i,I,A,O,Q,6,E,N,t,5,9,6,c,A,y,2,m,T,F,m,c,G,h,G,_,6,A,-,4,r,S,u,2,J,W,D,4,D,L,o,s,4,q,1,T,L,l,z,U,0,j,M,3,s,k,s,P,_,j,6,e,H,F,4,h,b,V,l,2,5,n,l,L,s,U,M,a,a,4,d,E,o,l,9,S,k,Q,Z,s,6,4,u,I,M,1,P,C,f,Q,U,N,I,P,M,r,1,f,s,j,3,X,m,O,5,J,p,Q,3,A,U,I,R,g,_,l,z,_,T,p,b,o,C,r,S,9,c,9,6,x,0,Y,l,D,T,B,N,r,d,A,z,a,n,h,m,w,G,6,V,k,E,4,0,E,a,D,c,u,1,1,8,3,E,A,V,7,E,x,6,R,v,b,h,v,T,N,x,d,K,v,F,Z,8,o,x,p,4,j,8,d,u,5,n,4,k,1,x,b,b,x,d,x,j,D,l,q,L,Z,P,P,W,s,-,b,F,J,4,I,_,N,7,x,x,x,c,V,P,y,V,L,m,9,H,C,V,F,g,q,6,4,b,5,I,c,a,0,_,M,7,T,M,Y,g,B,m,T,M,S,Q,k,f,0,3,Q,7,H,2,N,N,X,X,6,J,I,H,3,j,6,6,W,P,c,Q,Z,r,7,h,T,o,v,e,k,w,J,I,U,t,N,K,m,7,K,m,o,I,L,v,e,A,P,r,y,N,9,m,r,M,H,c,S,q,9,F,F,H,5,3,V,L,o,k,t,l,0,O,r,d,u,E,J,1,C,v,B,d,x,7,a,o,t,U,T,y,_,4,y,G,h,W,T,p,P,e,I,t,_,P,Z,G,0,z,R,5,t,C,3,a,W,I,t,X,m,S,p,_,S,F,A,J,2,O,c,-,e,a,4,T,W,j,n,7,U,5,_,N,S,d,g,j,D,2,I,h,2,x,e,l,q,Y,M,u,B,z,d,x,W,S,6,N,7,G,b,Y,2,H,z,h,2,i,4,K,p,2,3,U,x,-,z,8,K,d,H,k,g,e,2,f,y,Z,h,f,E,2,_,_,i,4,j,L,k,r,S,p,T,h,h,D,E,E,U,2,z,X,W,m,i,2,W,j,z,T,Y,z,3,5,w,l,3,s,M,L,F,d,t,2,R,x,m,k,A,H,2,4,O,h,G,R,u,K,4,B,0,G,q,i,r,C,H,C,N,o,l,d,q,i,h,E,e,x,H,S,I,P,C,5,f,u,E,2,f,W,F,G,z,L,1,C,A,v,X,9,v,i,c,I,v,U,j,p,A,G,v,m,E,-,N,Y,4,_,_,o,9,I,9,4,b,e,k,6,I,z,n,Y,f,r,k,F,l,n,a,N,V,U,Y,Z,W,1,b,i,e,u,Z,z,7,d,-,8,g,T,t,z,e,D,G,W,K,L,O,E,N,P,d,W,O,E,C,r,Q,F,b,a,E,r,p,k,q,P,n,I,2,C,Z,u,V,q,u,U,r,i,v,7,a,z,f,F,U,Y,z,y,H,3,W,z,M,X,Q,w,e,f,p,E,f,Y,J,b,h,Z,N,g,X,7,O,f,n,W,8,I,Q,G,x,l,W,y,O,N,f,B,w,K,s,9,G,e,l,6,k,b,M,D,G,m,2,y,x,g,y,h,t,P,f,I,r,T,P,Y,P,k,1,0,b,f,G,0,L,F,z,Q,i,A,_,u,M,n,N,r,1,W,C,g,s,I,q,q,Y,c,L,I,K,2,6,o,B,-,q,7,J,E,y,w,T,i,f,f,V,E,m,O,5,8,8,_,W,q,B,i,B,k,5,I,v,T,A,=,=,&,x,k,c,b,=,S,o,A,i,6,_,M,3,5,g,p,y,G,0,S,C,x,J,0,L,b,z,k,d,C,d,P,P,&,c,a,m,k,=,n,U,m,J,q,O,2,E,8,r,j,0,4,_,z,Q,l,V,A,F,4,g,=,=,&,p,=,0,&,f,v,j,=,0,&,v,j,s,=,3
h,t,t,p,s,:,/,/,w,w,w,.,i,n,d,e,e,d,.,c,o,m,/,p,a,g,e,a,d,/,c,l,k,?,m,o,=,r,&,a,d,=,-,6,N,Y,l,b,f,k,N,0,C,n,M,4,T,E,R,r,6,X,u,V,B,W,3,V,T,R,A,C,v,D,X,D,x,9,S,3,P,b,n,6,a,0,S,w,h,k,m,o,L,T,i,K,L,J,X,f,h,H,4,m,a,j,T,3,4,2,s,g,1,h,t,k,V,L,y,B,-,W,N,C,e,I,u,2,6,K,9,E,z,m,V,A,J,o,l,t,J,q,3,Y,A,H,g,n,E,i,I,A,O,Q,6,E,N,t,5,9,6,c,A,y,2,m,T,F,m,c,G,h,G,_,6,A,-,4,r,S,u,2,J,W,D,4,D,L,o,s,4,q,1,T,L,l,z,U,0,j,M,3,s,k,s,P,_,j,6,e,H,F,4,h,b,V,l,2,5,n,l,L,s,U,M,a,a,4,d,E,o,l,9,S,k,Q,Z,s,6,4,u,I,M,1,P,C,f,Q,U,N,I,P,M,r,1,f,s,j,3,X,m,O,5,J,p,Q,3,A,U,I,R,g,_,l,z,_,T,p,b,o,C,r,S,9,c,9,6,x,0,Y,l,D,T,B,N,r,d,A,z,a,n,h,m,w,G,6,V,k,E,4,0,E,a,D,c,u,1,1,8,3,E,A,V,7,E,x,6,R,v,b,h,v,T,N,x,d,K,v,F,Z,8,o,x,p,4,j,8,d,u,5,n,4,k,1,x,b,b,x,d,x,j,D,l,q,L,Z,P,P,W,s,-,b,F,J,4,I,_,N,7,x,x,x,c,V,P,y,V,L,m,9,H,C,V,F,g,q,6,4,b,5,I,c,a,0,_,M,7,T,M,Y,g,B,m,T,M,S,Q,k,f,0,3,Q,7,H,2,N,N,X,X,6,J,I,H,3,j,6,6,W,P,c,Q,Z,r,7,h,T,o,v,e,k,w,J,I,U,t,N,K,m,7,K,m,o,I,L,v,e,A,P,r,y,N,9,m,r,M,H,c,S,q,9,F,F,H,5,3,V,L,o,k,t,l,0,O,r,d,u,E,J,1,C,v,B,d,x,7,a,o,t,U,T,y,_,4,y,G,h,W,T,p,P,e,I,t,_,P,Z,G,0,z,R,5,t,C,3,a,W,I,t,X,m,S,p,_,S,F,A,J,2,O,c,-,e,a,4,T,W,j,n,7,U,5,_,N,S,d,g,j,D,2,I,h,2,x,e,l,q,Y,M,u,B,z,d,x,W,S,6,N,7,G,b,Y,2,H,z,h,2,i,4,K,p,2,3,U,x,-,z,8,K,d,H,k,g,e,2,f,y,Z,h,f,E,2,_,_,i,4,j,L,k,r,S,p,T,h,h,D,E,E,U,2,z,X,W,m,i,2,W,j,z,T,Y,z,3,5,w,l,3,s,M,L,F,d,t,2,R,x,m,k,A,H,2,4,O,h,G,R,u,K,4,B,0,G,q,i,r,C,H,C,N,o,l,d,q,i,h,E,e,x,H,S,I,P,C,5,f,u,E,2,f,W,F,G,z,L,1,C,A,v,X,9,v,i,c,I,v,U,j,p,A,G,v,m,E,-,N,Y,4,_,_,o,9,I,9,4,b,e,k,6,I,z,n,Y,f,r,k,F,l,n,a,N,V,U,Y,Z,W,1,b,i,e,u,Z,z,7,d,-,8,g,T,t,z,e,D,G,W,K,L,O,E,N,P,d,W,O,E,C,r,Q,F,b,a,E,r,p,k,q,P,n,I,2,C,Z,u,V,q,u,U,r,i,v,7,a,z,f,F,U,Y,z,y,H,3,W,z,M,X,Q,w,e,f,p,E,f,Y,J,b,h,Z,N,g,X,7,O,f,n,W,8,I,Q,G,x,l,W,y,O,N,f,B,w,K,s,9,G,e,l,6,k,b,M,D,G,m,2,y,x,g,y,h,t,P,f,I,r,T,P,Y,P,k,1,0,b,f,G,0,L,F,z,Q,i,A,_,u,M,n,N,r,1,W,C,g,s,I,q,q,Y,c,L,I,K,2,6,o,B,-,q,7,J,E,y,w,T,i,f,f,V,E,m,O,5,8,8,_,W,q,B,i,B,k,5,I,v,T,A,=,=,&,x,k,c,b,=,S,o,A,i,6,_,M,3,5,g,p,y,G,0,S,C,x,J,0,L,b,z,k,d,C,d,P,P,&,c,a,m,k,=,n,U,m,J,q,O,2,E,8,r,j,0,4,_,z,Q,l,V,A,F,4,g,=,=,&,p,=,0,&,f,v,j,=,0,&,v,j,s,=,3
h,t,t,p,s,:,/,/,w,w,w,.,i,n,d,e,e,d,.,c,o,m,/,r,c,/,c,l,k,?,j,k,=,3,2,e,7,b,7,f,c,b,1,0,2,9,2,2,7,&,b,b,=,W,d,z,u,O,y,s,b,1,C,3,M,n,E,0,Y,F,r,1,8,m,O,x,e,O,E,E,y,F,I,U,6,I,H,C,c,6,Z,Z,8,u,M,x,f,O,7,6,h,5,b,R,i,l,s,9,A,Y,h,F,3,r,W,S,x,6,b,N,d,N,4,k,f,9,q,V,6,3,T,r,W,l,E,_,W,g,c,6,q,q,B,K,u,w,7,L,w,d,0,q,x,h,G,a,Q,K,T,n,-,Z,H,X,c,u,b,1,R,e,1,m,R,-,z,g,V,-,a,m,y,&,x,k,c,b,=,S,o,A,3,6,7,M,3,5,g,r,9,f,f,w,H,X,J,0,M,b,z,k,d,C,d,P,P,&,f,c,c,i,d,=,1,8,a,0,f,c,6,5,0,3,d,c,7,b,4,e,&,v,j,s,=,3
